{
    "Bot_Token" : "INVALID_TOKEN",
    "Bot_QQ" :  12450,
    "Forward_List" : 
    [
        {
            "From_Group" : 1,
            "To_Group" : 2,
            "Type" : "Q<->T"
        },
        {
            "From_Group" : 3,
            "To_Group" : 4,
            "Type" : "T<->Q"
        },
        {
            "From_Group" : 5,
            "To_Group" : 6,
            "Type" : "T->Q"
        }
        {
            "From_Group" : 7,
            "To_Group" : 8,
            "Type" : "Q->T"
        },
        {
            "From_Group" : 9,
            "To_Group" : 10,
            "Type" : "Q->Q"
        },
        {
            "From_Group" : 11,
            "To_Group" : 12,
            "Type" : "T->T"
        }
    ]
}